<?xml version="1.0" encoding="UTF-8" standalone="no"?>
<beast beautitemplate="Standard" beautistatus="" namespace="beast.core:beast.evolution.alignment:beast.evolution.tree.coalescent:beast.core.util:beast.evolution.nuc:beast.evolution.operators:beast.evolution.sitemodel:beast.evolution.substitutionmodel:beast.evolution.likelihood" required="SA v2.0.0" version="2.5">
  <data id="rode05_mod" dataType="standard" name="alignment">
    <sequence id="seq_Floweria_anomala" taxon="Floweria_anomala" totalcount="2" value="00{01}020111{01}11101110011100101111101010"/>
    <sequence id="seq_Floweria_arctostriata" taxon="Floweria_arctostriata" totalcount="2" value="1000{12}0{01}110{01}12100000{01}10011100100111{01}{01}"/>
    <sequence id="seq_Floweria_becraftensis" taxon="Floweria_becraftensis" totalcount="2" value="1010111000011101{01}0011111101011101101"/>
    <sequence id="seq_Floweria_chemungensis" taxon="Floweria_chemungensis" totalcount="2" value="0000010{01}1101{01}100100111001?1111101000"/>
    <sequence id="seq_Floweria_cornucopia" taxon="Floweria_cornucopia" totalcount="2" value="011121101111111100?111011?????1?????"/>
    <sequence id="seq_Floweria_crassa" taxon="Floweria_crassa" totalcount="2" value="111101111211110000?111111?????0?????"/>
    <sequence id="seq_Floweria_deformis" taxon="Floweria_deformis" totalcount="2" value="0110211211{01}1111110?11000??????11????"/>
    <sequence id="seq_Floweria_iowensis" taxon="Floweria_iowensis" totalcount="2" value="1011011011101011000111011111111?1010"/>
    <sequence id="seq_Floweria_lirella" taxon="Floweria_lirella" totalcount="2" value="011121111110111110?101001?????1?????"/>
    <sequence id="seq_Floweria_magnacicatrix" taxon="Floweria_magnacicatrix" totalcount="2" value="100000012101110021?000011?????1?????"/>
    <sequence id="seq_Floweria_pandora" taxon="Floweria_pandora" totalcount="2" value="0000000{01}0000100000000001110010011010"/>
    <sequence id="seq_Floweria_perversa" taxon="Floweria_perversa" totalcount="2" value="00100001000000000000{01}0011?????1010{01}{01}"/>
    <sequence id="seq_Floweria_prava" taxon="Floweria_prava" totalcount="2" value="10{01}121101110101101011101101111111010"/>
    <sequence id="seq_Floweria_transversalis" taxon="Floweria_transversalis" totalcount="2" value="100001012111111101?000011?????1?????"/>
    <sequence id="seq_Schuchertella_lens" taxon="Schuchertella_lens" totalcount="2" value="1000{12}1{01}{02}00101011101{01}0000111011011001"/>
    <sequence id="seq_Schuchertella_percha" taxon="Schuchertella_percha" totalcount="2" value="0000000111102012201010001?????0??0??"/>
    <sequence id="seq_Xystostrophia_umbraculum" taxon="Xystostrophia_umbraculum" totalcount="2" value="000000000000000000000000000000000000"/>
    <sequence id="seq_Xystostrophia_woolworthana" taxon="Xystostrophia_woolworthana" totalcount="2" value="0000000200001011000{01}000001100001000{01}"/>
    <userDataType id="StandardData" spec="beast.evolution.datatype.StandardData" ambiguities="01 12 02" nrOfStates="3">
      <charstatelabels id="UserDataType.0" spec="beast.evolution.datatype.UserDataType" characterName="character_1" codeMap="0=0, 1=1, ? =0 1 " states="2" value="state_0, state_1"/>
      <charstatelabels id="UserDataType.1" spec="beast.evolution.datatype.UserDataType" characterName="character_2" codeMap="0=0, 1=1, ? =0 1 " states="2" value="state_0, state_1"/>
      <charstatelabels id="UserDataType.2" spec="beast.evolution.datatype.UserDataType" characterName="character_3" codeMap="0=0, 1=1, ? =0 1 " states="2" value="state_0, state_1"/>
      <charstatelabels id="UserDataType.3" spec="beast.evolution.datatype.UserDataType" characterName="character_4" codeMap="0=0, 1=1, ? =0 1 " states="2" value="state_0, state_1"/>
      <charstatelabels id="UserDataType.4" spec="beast.evolution.datatype.UserDataType" characterName="character_5" codeMap="0=0, 1=1, 2=2, ? =0 1 2 " states="3" value="state_0, state_1, state_2"/>
      <charstatelabels id="UserDataType.5" spec="beast.evolution.datatype.UserDataType" characterName="character_6" codeMap="0=0, 1=1, ? =0 1 " states="2" value="state_0, state_1"/>
      <charstatelabels id="UserDataType.6" spec="beast.evolution.datatype.UserDataType" characterName="character_7" codeMap="0=0, 1=1, ? =0 1 " states="2" value="state_0, state_1"/>
      <charstatelabels id="UserDataType.7" spec="beast.evolution.datatype.UserDataType" characterName="character_8" codeMap="0=0, 1=1, 2=2, ? =0 1 2 " states="3" value="state_0, state_1, state_2"/>
      <charstatelabels id="UserDataType.8" spec="beast.evolution.datatype.UserDataType" characterName="character_9" codeMap="0=0, 1=1, 2=2, ? =0 1 2 " states="3" value="state_0, state_1, state_2"/>
      <charstatelabels id="UserDataType.9" spec="beast.evolution.datatype.UserDataType" characterName="character_10" codeMap="0=0, 1=1, 2=2, ? =0 1 2 " states="3" value="state_0, state_1, state_2"/>
      <charstatelabels id="UserDataType.10" spec="beast.evolution.datatype.UserDataType" characterName="character_11" codeMap="0=0, 1=1, ? =0 1 " states="2" value="state_0, state_1"/>
      <charstatelabels id="UserDataType.11" spec="beast.evolution.datatype.UserDataType" characterName="character_12" codeMap="0=0, 1=1, ? =0 1 " states="2" value="state_0, state_1"/>
      <charstatelabels id="UserDataType.12" spec="beast.evolution.datatype.UserDataType" characterName="character_13" codeMap="0=0, 1=1, 2=2, ? =0 1 2 " states="3" value="state_0, state_1, state_2"/>
      <charstatelabels id="UserDataType.13" spec="beast.evolution.datatype.UserDataType" characterName="character_14" codeMap="0=0, 1=1, ? =0 1 " states="2" value="state_0, state_1"/>
      <charstatelabels id="UserDataType.14" spec="beast.evolution.datatype.UserDataType" characterName="character_15" codeMap="0=0, 1=1, ? =0 1 " states="2" value="state_0, state_1"/>
      <charstatelabels id="UserDataType.15" spec="beast.evolution.datatype.UserDataType" characterName="character_16" codeMap="0=0, 1=1, 2=2, ? =0 1 2 " states="3" value="state_0, state_1, state_2"/>
      <charstatelabels id="UserDataType.16" spec="beast.evolution.datatype.UserDataType" characterName="character_17" codeMap="0=0, 1=1, 2=2, ? =0 1 2 " states="3" value="state_0, state_1, state_2"/>
      <charstatelabels id="UserDataType.17" spec="beast.evolution.datatype.UserDataType" characterName="character_18" codeMap="0=0, 1=1, ? =0 1 " states="2" value="state_0, state_1"/>
      <charstatelabels id="UserDataType.18" spec="beast.evolution.datatype.UserDataType" characterName="character_19" codeMap="0=0, 1=1, ? =0 1 " states="2" value="state_0, state_1"/>
      <charstatelabels id="UserDataType.19" spec="beast.evolution.datatype.UserDataType" characterName="character_20" codeMap="0=0, 1=1, ? =0 1 " states="2" value="state_0, state_1"/>
      <charstatelabels id="UserDataType.20" spec="beast.evolution.datatype.UserDataType" characterName="character_21" codeMap="0=0, 1=1, ? =0 1 " states="2" value="state_0, state_1"/>
      <charstatelabels id="UserDataType.21" spec="beast.evolution.datatype.UserDataType" characterName="character_22" codeMap="0=0, 1=1, ? =0 1 " states="2" value="state_0, state_1"/>
      <charstatelabels id="UserDataType.22" spec="beast.evolution.datatype.UserDataType" characterName="character_23" codeMap="0=0, 1=1, ? =0 1 " states="2" value="state_0, state_1"/>
      <charstatelabels id="UserDataType.23" spec="beast.evolution.datatype.UserDataType" characterName="character_24" codeMap="0=0, 1=1, ? =0 1 " states="2" value="state_0, state_1"/>
      <charstatelabels id="UserDataType.24" spec="beast.evolution.datatype.UserDataType" characterName="character_25" codeMap="0=0, 1=1, ? =0 1 " states="2" value="state_0, state_1"/>
      <charstatelabels id="UserDataType.25" spec="beast.evolution.datatype.UserDataType" characterName="character_26" codeMap="0=0, 1=1, ? =0 1 " states="2" value="state_0, state_1"/>
      <charstatelabels id="UserDataType.26" spec="beast.evolution.datatype.UserDataType" characterName="character_27" codeMap="0=0, 1=1, ? =0 1 " states="2" value="state_0, state_1"/>
      <charstatelabels id="UserDataType.27" spec="beast.evolution.datatype.UserDataType" characterName="character_28" codeMap="0=0, 1=1, ? =0 1 " states="2" value="state_0, state_1"/>
      <charstatelabels id="UserDataType.28" spec="beast.evolution.datatype.UserDataType" characterName="character_29" codeMap="0=0, 1=1, ? =0 1 " states="2" value="state_0, state_1"/>
      <charstatelabels id="UserDataType.29" spec="beast.evolution.datatype.UserDataType" characterName="character_30" codeMap="0=0, 1=1, ? =0 1 " states="2" value="state_0, state_1"/>
      <charstatelabels id="UserDataType.30" spec="beast.evolution.datatype.UserDataType" characterName="character_31" codeMap="0=0, 1=1, ? =0 1 " states="2" value="state_0, state_1"/>
      <charstatelabels id="UserDataType.31" spec="beast.evolution.datatype.UserDataType" characterName="character_32" codeMap="0=0, 1=1, ? =0 1 " states="2" value="state_0, state_1"/>
      <charstatelabels id="UserDataType.32" spec="beast.evolution.datatype.UserDataType" characterName="character_33" codeMap="0=0, 1=1, ? =0 1 " states="2" value="state_0, state_1"/>
      <charstatelabels id="UserDataType.33" spec="beast.evolution.datatype.UserDataType" characterName="character_34" codeMap="0=0, 1=1, ? =0 1 " states="2" value="state_0, state_1"/>
      <charstatelabels id="UserDataType.34" spec="beast.evolution.datatype.UserDataType" characterName="character_35" codeMap="0=0, 1=1, ? =0 1 " states="2" value="state_0, state_1"/>
      <charstatelabels id="UserDataType.35" spec="beast.evolution.datatype.UserDataType" characterName="character_36" codeMap="0=0, 1=1, ? =0 1 " states="2" value="state_0, state_1"/>
    </userDataType>
  </data>
  <map name="Uniform">beast.math.distributions.Uniform</map>
  <map name="Exponential">beast.math.distributions.Exponential</map>
  <map name="LogNormal">beast.math.distributions.LogNormalDistributionModel</map>
  <map name="Normal">beast.math.distributions.Normal</map>
  <map name="Beta">beast.math.distributions.Beta</map>
  <map name="Gamma">beast.math.distributions.Gamma</map>
  <map name="LaplaceDistribution">beast.math.distributions.LaplaceDistribution</map>
  <map name="prior">beast.math.distributions.Prior</map>
  <map name="InverseGamma">beast.math.distributions.InverseGamma</map>
  <map name="OneOnX">beast.math.distributions.OneOnX</map>
  <run id="mcmc" spec="MCMC" chainLength="100000000">
    <state id="state" storeEvery="50000">
      <tree id="Tree.t:rode05_mod" name="stateNode">
        <trait id="dateTrait.t:rode05_mod" spec="beast.evolution.tree.TraitSet" traitname="date-backward">
Floweria_anomala=16.3335189128993,
Floweria_arctostriata=17.7354320870945,
Floweria_becraftensis=42.5012110778829,
Floweria_chemungensis=19.6528204575879,
Floweria_chemungensis=10.9193568470655,
Floweria_chemungensis=2.76948535852137,
Floweria_cornucopia=14.9861523577711,
Floweria_crassa=18.5540733357193,
Floweria_deformis=32.0874609937426,
Floweria_iowensis=5.62849222030491,
Floweria_lirella=18.3036514847772,
Floweria_magnacicatrix=12.0972767624771,
Floweria_pandora=32.0440664593131,
Floweria_perversa=30.5905422627926,
Floweria_perversa=19.7067617740249,
Floweria_prava=7.85325374931563,
Floweria_transversalis=9.78931124799419,
Schuchertella_lens=3.90088740836364,
Schuchertella_percha=0.146661693835654,
Xystostrophia_woolworthana=43.2312531741103,
Xystostrophia_umbraculum=23.362639985024,
Xystostrophia_umbraculum=15.6586777545745,
Xystostrophia_umbraculum=5.6815330258105,
Xystostrophia_umbraculum=0<taxa id="TaxonSet.rode05_mod" spec="TaxonSet"><alignment idref="rode05_mod"/></taxa>
            </trait>
      </tree>
      <parameter id="diversificationRateFBD.t:rode05_mod" lower="0.0" name="stateNode">0.1</parameter>
      <parameter id="turnoverFBD.t:rode05_mod" lower="0.0" name="stateNode" upper="1.0">0.5</parameter>
      <parameter id="samplingProportionFBD.t:rode05_mod" lower="0.0" name="stateNode" upper="1.0">0.5</parameter>
      <parameter id="originFBD.t:rode05_mod" lower="0.0" name="stateNode">500.0</parameter>
      <parameter id="clockRate.c:rode05_mod" name="stateNode">1.0</parameter>
    </state>
    <init id="RandomTree.t:rode05_mod" spec="beast.evolution.tree.RandomTree" estimate="false" initial="@Tree.t:rode05_mod" taxa="@rode05_mod">
      <populationModel id="ConstantPopulation0.t:rode05_mod" spec="ConstantPopulation">
        <parameter id="randomPopSize.t:rode05_mod" name="popSize">1.0</parameter>
      </populationModel>
    </init>
    <distribution id="posterior" spec="util.CompoundDistribution">
      <distribution id="prior" spec="util.CompoundDistribution">
        <distribution id="FBD.t:rode05_mod" spec="beast.evolution.speciation.SABirthDeathModel" conditionOnSampling="true" diversificationRate="@diversificationRateFBD.t:rode05_mod" origin="@originFBD.t:rode05_mod" samplingProportion="@samplingProportionFBD.t:rode05_mod" tree="@Tree.t:rode05_mod" turnover="@turnoverFBD.t:rode05_mod">
          <parameter id="rFBD.t:rode05_mod" lower="0.0" name="removalProbability" upper="1.0">0.0</parameter>
          <parameter id="rhoFBD.t:rode05_mod" estimate="false" lower="0.0" name="rho" upper="1.0">1.0</parameter>
          <treeWOffset id="treeWoffset" spec="beast.evolution.tree.TreeWOffset" tree="@Tree.t:rode05_mod" offset="367.762481269822"/>
        </distribution>
        <prior id="ClockPrior.c:rode05_mod" name="distribution" x="@clockRate.c:rode05_mod">
          <LogNormal id="LogNormalDistributionModel.1" meanInRealSpace="true" name="distr">
            <parameter id="RealParameter.3" estimate="false" name="M">0.2</parameter>
            <parameter id="Real.Parameter.4" estimate="false" lower="0.0" name="S" upper="5.0">1.25</parameter>
          </LogNormal>
        </prior>
        <prior id="diversificationRatePriorFBD.t:rode05_mod" name="distribution" x="@diversificationRateFBD.t:rode05_mod">
          <Uniform id="Uniform.5" name="distr" upper="Infinity"/>
        </prior>
        <prior id="originPriorFBD.t:rode05_mod" name="distribution" x="@originFBD.t:rode05_mod">
          <Uniform id="Uniform.4" name="distr" upper="Infinity"/>
        </prior>
        <prior id="samplingProportionPriorFBD.t:rode05_mod" name="distribution" x="@samplingProportionFBD.t:rode05_mod">
          <Uniform id="Uniform.0" name="distr"/>
        </prior>
        <prior id="turnoverPriorFBD.t:rode05_mod" name="distribution" x="@turnoverFBD.t:rode05_mod">
          <Uniform id="Uniform.01" name="distr"/>
        </prior>
      </distribution>
      <distribution id="likelihood" spec="util.CompoundDistribution" useThreads="true">
        <distribution id="treeLikelihood.rode05_mod" spec="ThreadedTreeLikelihood" data="@rode05_mod" tree="@Tree.t:rode05_mod">
          <siteModel id="SiteModel.s:rode05_mod" spec="SiteModel">
            <parameter id="mutationRate.s:rode05_mod" estimate="false" name="mutationRate">1.0</parameter>
            <parameter id="gammaShape.s:rode05_mod" estimate="false" name="shape">1.0</parameter>
            <substModel id="LewisMK.s:rode05_mod" spec="LewisMK" datatype="@StandardData"/>
          </siteModel>
          <branchRateModel id="StrictClock.c:rode05_mod" spec="beast.evolution.branchratemodel.StrictClockModel" clock.rate="@clockRate.c:rode05_mod"/>
        </distribution>
      </distribution>
    </distribution>
    <operator id="originScalerFBD.t:rode05_mod" spec="ScaleOperator" parameter="@originFBD.t:rode05_mod" scaleFactor="0.75" weight="3.0"/>
    <operator id="divRateScalerFBD.t:rode05_mod" spec="ScaleOperator" parameter="@diversificationRateFBD.t:rode05_mod" scaleFactor="0.75" weight="10.0"/>
    <operator id="turnoverScalerFBD.t:rode05_mod" spec="ScaleOperator" parameter="@turnoverFBD.t:rode05_mod" scaleFactor="0.75" weight="10.0"/>
    <operator id="samplingPScalerFBD.t:rode05_mod" spec="ScaleOperator" parameter="@samplingProportionFBD.t:rode05_mod" scaleFactor="0.75" weight="10.0"/>
    <operator id="LeafToSAFBD.t:rode05_mod" spec="LeafToSampledAncestorJump" tree="@Tree.t:rode05_mod" weight="10.0"/>
    <operator id="SAWilsonBaldingFBD.t:rode05_mod" spec="SAWilsonBalding" tree="@Tree.t:rode05_mod" weight="10.0"/>
    <operator id="SAWideFBD.t:rode05_mod" spec="SAExchange" isNarrow="false" tree="@Tree.t:rode05_mod" weight="10.0"/>
    <operator id="SANarrowFBD.t:rode05_mod" spec="SAExchange" tree="@Tree.t:rode05_mod" weight="10.0"/>
    <operator id="SAUniformOperatorFBD.t:rode05_mod" spec="SAUniform" tree="@Tree.t:rode05_mod" weight="20.0"/>
    <operator id="SATreeRootScalerFBD.t:rode05_mod" spec="SAScaleOperator" rootOnly="true" scaleFactor="0.95" tree="@Tree.t:rode05_mod" weight="1.0"/>
    <operator id="SATreeScalerFBD.t:rode05_mod" spec="SAScaleOperator" scaleFactor="0.95" tree="@Tree.t:rode05_mod" weight="3.0"/>
    <operator id="ucldMeanScaler.c:rode05_mod" spec="ScaleOperator" parameter="@clockRate.c:rode05_mod" scaleFactor="0.75" weight="3.0"/>
    <operator id="relaxedUpDownOperator.c:rode05_mod" spec="UpDownOperator" scaleFactor="0.75" weight="3.0">
      <up idref="clockRate.c:rode05_mod"/>
      <down idref="Tree.t:rode05_mod"/>
    </operator>
    <logger id="tracelog" fileName="brachiopods_FBD_interval_ages.log" logEvery="1000" model="@posterior" sanitiseHeaders="true" sort="smart">
      <log idref="posterior"/>
      <log idref="likelihood"/>
      <log idref="prior"/>
      <log idref="treeLikelihood.rode05_mod"/>
      <log id="TreeHeight.t:rode05_mod" spec="beast.evolution.tree.TreeHeightLogger" tree="@Tree.t:rode05_mod"/>
      <log idref="clockRate.c:rode05_mod"/>
      <log idref="FBD.t:rode05_mod"/>
      <log idref="diversificationRateFBD.t:rode05_mod"/>
      <log idref="turnoverFBD.t:rode05_mod"/>
      <log idref="samplingProportionFBD.t:rode05_mod"/>
      <log idref="originFBD.t:rode05_mod"/>
      <log id="SACountFBD.t:rode05_mod" spec="beast.evolution.tree.SampledAncestorLogger" tree="@Tree.t:rode05_mod"/>
      <log id="offset" spec="beast.evolution.tree.OffsetLogger" treeWOffset="@treeWoffset"/>
    </logger>
    <logger id="screenlog" logEvery="50000">
      <log idref="posterior"/>
      <log id="ESS.0" spec="util.ESS" arg="@posterior"/>
      <log idref="likelihood"/>
      <log idref="prior"/>
    </logger>
    <logger id="treelog.t:rode05_mod" fileName="brachiopods_FBD_interval_ages.trees" logEvery="10000" mode="tree">
      <log id="TreeWithMetaDataLogger.t:rode05_mod" spec="beast.evolution.tree.TreeWithMetaDataLogger" tree="@Tree.t:rode05_mod"/>
    </logger>
    <operator spec="SampledNodeDateRandomWalker" windowSize="10." tree="@Tree.t:rode05_mod" treeWOffset="@treeWoffset" weight="5.">
      <samplingDates id="samplingDate.Floweria_anomala1" spec="beast.evolution.tree.SamplingDate" taxon="@Floweria_anomala" lower="382.7" upper="387.7"/>
      <samplingDates id="samplingDate.Floweria_arctostriata1" spec="beast.evolution.tree.SamplingDate" taxon="@Floweria_arctostriata" lower="382.7" upper="387.7"/>
      <samplingDates id="samplingDate.Floweria_becraftensis1" spec="beast.evolution.tree.SamplingDate" taxon="@Floweria_becraftensis" lower="407.6" upper="410.8"/>
      <samplingDates id="samplingDate.Floweria_chemungensis1" spec="beast.evolution.tree.SamplingDate" taxon="@Floweria_chemungensis" lower="382.7" upper="387.7"/>
      <samplingDates id="samplingDate.Floweria_chemungensis2" spec="beast.evolution.tree.SamplingDate" taxon="@Floweria_chemungensis" lower="372.2" upper="382.7"/>
      <samplingDates id="samplingDate.Floweria_chemungensis3" spec="beast.evolution.tree.SamplingDate" taxon="@Floweria_chemungensis" lower="358.9" upper="372.2"/>
      <samplingDates id="samplingDate.Floweria_cornucopia1" spec="beast.evolution.tree.SamplingDate" taxon="@Floweria_cornucopia" lower="382.7" upper="387.7"/>
      <samplingDates id="samplingDate.Floweria_crassa1" spec="beast.evolution.tree.SamplingDate" taxon="@Floweria_crassa" lower="382.7" upper="387.7"/>
      <samplingDates id="samplingDate.Floweria_deformis1" spec="beast.evolution.tree.SamplingDate" taxon="@Floweria_deformis" lower="393.3" upper="407.6"/>
      <samplingDates id="samplingDate.Floweria_iowensis1" spec="beast.evolution.tree.SamplingDate" taxon="@Floweria_iowensis" lower="372.2" upper="382.7"/>
      <samplingDates id="samplingDate.Floweria_lirella1" spec="beast.evolution.tree.SamplingDate" taxon="@Floweria_lirella" lower="382.7" upper="387.7"/>
      <samplingDates id="samplingDate.Floweria_magnacicatrix1" spec="beast.evolution.tree.SamplingDate" taxon="@Floweria_magnacicatrix" lower="372.2" upper="382.7"/>
      <samplingDates id="samplingDate.Floweria_pandora1" spec="beast.evolution.tree.SamplingDate" taxon="@Floweria_pandora" lower="393.3" upper="407.6"/>
      <samplingDates id="samplingDate.Floweria_perversa1" spec="beast.evolution.tree.SamplingDate" taxon="@Floweria_perversa" lower="393.3" upper="407.6"/>
      <samplingDates id="samplingDate.Floweria_perversa2" spec="beast.evolution.tree.SamplingDate" taxon="@Floweria_perversa" lower="382.7" upper="387.7"/>
      <samplingDates id="samplingDate.Floweria_prava1" spec="beast.evolution.tree.SamplingDate" taxon="@Floweria_prava" lower="372.2" upper="382.7"/>
      <samplingDates id="samplingDate.Floweria_transversalis1" spec="beast.evolution.tree.SamplingDate" taxon="@Floweria_transversalis" lower="372.2" upper="382.7"/>
      <samplingDates id="samplingDate.Schuchertella_lens1" spec="beast.evolution.tree.SamplingDate" taxon="@Schuchertella_lens" lower="358.9" upper="372.2"/>
      <samplingDates id="samplingDate.Schuchertella_percha1" spec="beast.evolution.tree.SamplingDate" taxon="@Schuchertella_percha" lower="358.9" upper="372.2"/>
      <samplingDates id="samplingDate.Xystostrophia_woolworthana1" spec="beast.evolution.tree.SamplingDate" taxon="@Xystostrophia_woolworthana" lower="410.8" upper="419.2"/>
      <samplingDates id="samplingDate.Xystostrophia_umbraculum1" spec="beast.evolution.tree.SamplingDate" taxon="@Xystostrophia_umbraculum" lower="387.7" upper="393.3"/>
      <samplingDates id="samplingDate.Xystostrophia_umbraculum2" spec="beast.evolution.tree.SamplingDate" taxon="@Xystostrophia_umbraculum" lower="382.7" upper="387.7"/>
      <samplingDates id="samplingDate.Xystostrophia_umbraculum3" spec="beast.evolution.tree.SamplingDate" taxon="@Xystostrophia_umbraculum" lower="372.2" upper="382.7"/>
      <samplingDates id="samplingDate.Xystostrophia_umbraculum4" spec="beast.evolution.tree.SamplingDate" taxon="@Xystostrophia_umbraculum" lower="358.9" upper="372.2"/>
      <taxonset id="fossilTaxa" spec="TaxonSet">
        <taxon id="Floweria_anomala" spec="Taxon"/>
        <taxon id="Floweria_arctostriata" spec="Taxon"/>
        <taxon id="Floweria_becraftensis" spec="Taxon"/>
        <taxon id="Floweria_chemungensis" spec="Taxon"/>
        <taxon id="Floweria_cornucopia" spec="Taxon"/>
        <taxon id="Floweria_crassa" spec="Taxon"/>
        <taxon id="Floweria_deformis" spec="Taxon"/>
        <taxon id="Floweria_iowensis" spec="Taxon"/>
        <taxon id="Floweria_lirella" spec="Taxon"/>
        <taxon id="Floweria_magnacicatrix" spec="Taxon"/>
        <taxon id="Floweria_pandora" spec="Taxon"/>
        <taxon id="Floweria_perversa" spec="Taxon"/>
        <taxon id="Floweria_prava" spec="Taxon"/>
        <taxon id="Floweria_transversalis" spec="Taxon"/>
        <taxon id="Schuchertella_lens" spec="Taxon"/>
        <taxon id="Schuchertella_percha" spec="Taxon"/>
        <taxon id="Xystostrophia_woolworthana" spec="Taxon"/>
        <taxon id="Xystostrophia_umbraculum" spec="Taxon"/>
      </taxonset>
    </operator>
  </run>
</beast>
